Chapter	Question Code	Question	Question Choice	Answer 1	Answer 2	Answer 3	Answer 4	Answer 5	Answer 6	Correct Answer	Difficulty Level	Category	Sub Topics	Explanation	Page Number
Chapter 1	INST-3E-026	What IS the affective domain?	Single	The affective domain involves valuing behaviors that define professionalism in healthcare and education.	The affective domain is less important than the cognitive domain.	The affective domain primarily focuses on physical skills and movements.	The affective domain solely emphasizes emotional responses without considering professionalism.			A	1	Introduction	Attributes of Effective Educators > OBJECTIVES > Affective Domain	"The affective domain involves valuing behaviors that define professionalism in healthcare and education, which is crucial in developing empathetic and ethically responsible practitioners. The idea that 'The affective domain is less important than the cognitive domain' is misleading, as both domains are equally important in comprehensive education. 'The affective domain primarily focuses on physical skills and movements' describes the psychomotor domain, not the affective. Finally, 'The affective domain solely emphasizes emotional responses without considering professionalism' is not accurate, as professionalism is a key component of the affective domain in this context."	"Foundations of Education, page 32"
Chapter 1	INST-3E-029	What is the KEY DIFFERENCE between a teaching philosophy and institutional guidelines?	Single	"A teaching philosophy is a personal set of beliefs that guide an educator's approach to teaching, while institutional guidelines are standardized rules educators are expected to follow."	"A teaching philosophy is static and unchanging, remaining fixed throughout an educator's career without adaptation to new experiences, research findings, or evolving educational contexts."	"A teaching philosophy must align with all institutional guidelines without personal input, leaving no room for individual beliefs, values, or approaches to inform teaching practices."	"A teaching philosophy primarily focuses on instructional strategies, concentrating mainly on specific teaching methods and classroom techniques rather than broader educational beliefs and values."			A	4	Introduction	Attributes of Effective Educators > Developing a Teaching Philosophy	"A teaching philosophy is a personal set of beliefs that guide an educator's approach to teaching, allowing for flexibility and adaptation, whereas institutional guidelines are standardized rules that must be followed. 'A teaching philosophy is static and unchanging' is incorrect, as it should evolve with experience. 'It must align with all institutional guidelines without personal input' is misleading, as personal beliefs are fundamental to a teaching philosophy. 'A teaching philosophy primarily focuses on instructional strategies' is too narrow, as it encompasses broader educational beliefs."	"Foundations of Education, page 37"
Chapter 1	INST-3E-032	Which statement BEST DESCRIBES the concept of mentorship in the context of EMS education?	Single	Mentorship involves receiving guidance and support from experienced individuals in order to enhance both personal development and professional growth throughout one's career.	Mentorship is only beneficial for new educators who are just beginning their teaching careers and have limited experience in educational settings.	A mentor must be from the same institution as the mentee in order to provide effective guidance and support within that specific organizational context.	Mentorship focuses solely on technical skill development and does not address other important aspects of personal or professional growth in the field.			A	2	Introduction	Attributes of Effective Educators > The Educator as a Leader > Finding a Mentor	"Mentorship involves guidance from experienced individuals to enhance personal and professional growth, fostering development at any career stage. 'Mentorship is only beneficial for new educators' is incorrect, as ongoing mentorship can benefit experienced individuals as well. 'A mentor must be from the same institution' limits opportunities for diverse perspectives. 'Mentorship focuses solely on technical skill development' is too narrow, as it encompasses broader professional and personal development."	"Foundations of Education, page 44"
Chapter 2	INST-3E-035	Which characteristic distinguishes a primary instructor from a secondary instructor in an EMS educational program?	Single	"Primary instructors possess appropriate credentials, understanding of education principles, and required teaching experience to serve as lead instructors."	Primary instructors are responsible for all laboratory sessions while secondary instructors handle only classroom-based didactic instruction.	Primary instructors must hold national certification as educators while secondary instructors require only state-level teaching credentials.	Primary instructors develop all course materials independently while secondary instructors deliver content using pre-packaged curriculum only.			A	1	Roles and Responsibilities	EMS Educator Roles > Instructor Roles and Responsibilities > EMS Educator-Specific Roles	"Primary instructors are identified as lead instructors who possess the appropriate credentials, understanding of educational principles and theories, and required teaching experience necessary to provide quality instruction. The distinction about laboratory versus didactic responsibilities is incorrect because both primary and secondary instructors may teach various session types; the difference lies in credentials and experience level rather than content delivery format. The national versus state certification distinction is incorrect because instructor qualifications are determined by program standards and accreditation requirements, not a universal tiered certification system. The curriculum development distinction is incorrect because while primary instructors often lead course design, both primary and secondary instructors may use existing materials or develop new content depending on program needs and their assigned responsibilities."	"Foundations of Education, page 56"
Chapter 2	INST-3E-039	Which statement BEST describes a primary advantage of using grading rubrics for student assessment in EMS education?	Single	Rubrics force consistent evaluation across all students by clearly defining specific criteria for each performance level.	Rubrics streamline the continuous advisement process by providing a framework for ongoing student counseling sessions.	Rubrics reduce instructor workload by eliminating the need for detailed feedback on psychomotor skill performance.	Rubrics enhance scenario testing by establishing standardized patient presentations that replicate actual clinical environments.			A	1	Roles and Responsibilities	EMS Educator Roles > Student Advisement	"Rubrics provide clearly defined criteria that force consistent evaluation across all students, making grading more objective and eliminating emotional aspects of assessment. The continuous advisement process involves ongoing student counseling and mentoring, which uses assessment data but is not the primary function of rubrics themselves. Rubrics actually enhance rather than eliminate feedback opportunities, as they provide specific criteria that can guide detailed, constructive feedback across cognitive, psychomotor, and affective domains. Scenario testing refers to simulation-based assessment methodology where students demonstrate skills in realistic situations, while rubrics are the tools used to evaluate performance within those scenarios rather than establishing the scenarios themselves."	"Foundations of Education, page 68"
Chapter 2	INST-3E-051	An EMS program director asks you to justify implementing grading rubrics for all psychomotor skills assessments after several students complained that different instructors graded the same skill performance inconsistently. Which rationale BEST supports adopting rubrics to address this concern?	Single	"Rubrics force consistent evaluation across all students by clearly defining performance criteria, eliminating variability between evaluators and making the grading process more objective regardless of which instructor conducts the assessment."	"Rubrics streamline the documentation process by reducing the amount of written feedback required, allowing instructors to focus more time on demonstrating skills rather than explaining performance deficiencies to students."	"Rubrics enhance student motivation by providing multiple pathways to demonstrate competency, allowing learners to choose assessment methods that align with their individual learning styles and previous healthcare experience."	"Rubrics facilitate peer evaluation during skills practice sessions by giving students standardized tools to assess each other, thereby reducing the instructor's direct involvement in formative assessment activities throughout the course."			A	5	Roles and Responsibilities	EMS Educator Roles > Student Advisement	"The correct answer directly addresses the consistency problem by highlighting that rubrics force uniform evaluation across students and evaluators through clearly defined criteria, making grading more objective—a primary advantage of rubrics. The first distractor confuses rubrics with shortened documentation; while rubrics do provide structure, their purpose is clarity and consistency, not reducing feedback—comprehensive feedback remains essential. The second distractor misrepresents rubrics as offering assessment method choices; rubrics define performance criteria for a specific task, not alternative assessment pathways, though differentiated instruction is valuable in other contexts. The third distractor conflates rubrics with peer assessment tools; while rubrics can support peer evaluation, their primary function is establishing clear grading standards for instructor use, and instructors must remain directly involved in summative psychomotor assessments to ensure competency validation."	"Foundations of Education, page 68"
Chapter 2	INST-3E-065	A student feels their feedback is not being valued by the instructor. What is the instructor's BEST course of action?	Single	Engage in open and honest dialogue with the student to understand their concerns and use the feedback constructively to focus on program improvement and enhancement.	Dismiss the feedback provided by the student as irrelevant to the current curriculum structure and choose not to incorporate it into any program modifications.	"Provide a standardized, templated response to all student feedback received, regardless of the specific content or concerns raised by individual students in their comments."	Focus exclusively on feedback received from high-performing students while disregarding input from other students who may not meet the same academic performance standards.			A	3	Roles and Responsibilities	EMS Educator Roles > Improving Performance through Assessment (Feedback)	"Engaging in open dialogue with students about their feedback fosters an inclusive environment and supports program improvement. Dismissing the feedback is not the most effective approach UNLESS it is clearly off-topic or inappropriate. Providing a standardized response could be appropriate IF addressing common issues, but personalized engagement is more effective in this scenario. Focusing only on feedback from high-performing students might be effective when analyzing specific outcomes, however, this scenario requires valuing diverse perspectives."	"Foundations of Education, page 65"
Chapter 3	INST-3E-116	Which approach would be MOST EFFECTIVE for developing students' muscle memory in EMS training?	Single	Students should practice skills in realistic settings that closely simulate actual emergency conditions to develop muscle memory and improve their performance in real-world scenarios.	Verbalizing actions and talking through procedures is considered to be just as effective as physically performing them for developing muscle memory in EMS skills.	Practice environments and training settings do not need to simulate real emergency conditions or replicate the actual circumstances students will encounter in the field.	Theoretical learning through lectures and reading materials is sufficient for developing muscle memory without requiring hands-on practice or physical repetition of EMS skills.			A	5	Learning Styles		"Students should practice skills in realistic settings to develop muscle memory and improve performance in real-world scenarios, essential for EMS proficiency. 'Verbalizing actions is as effective as performing them' underestimates the role of physical practice. 'Practice environments do not need to simulate real conditions' fails to prepare students for practical challenges. 'Theoretical learning is sufficient for developing muscle memory' overlooks the necessity of hands-on practice for skill acquisition."	
Chapter 4	INST-3E-144	Which statement BEST DESCRIBES adult learner expectations in an EMS course?	Single	"Adult learners expect to gain new skills and knowledge efficiently, focusing on the end goal of competence and exam success."	Adult learners demonstrate greater tolerance for inefficient use of their time and are willing to accept activities that do not directly contribute to learning objectives.	Adult learners do not prioritize or care about the practical application of knowledge to real-world situations in their professional practice.	Adult learners in EMS courses have expectations that are essentially identical to those typically demonstrated by youth learners in educational settings.			A	2	Learning Styles	Principles of Adult Learning > Objectives	"Adult learners expect to gain new skills and knowledge efficiently, focusing on the end goal of competence and exam success, as they often have specific objectives for their education. 'Adult learners are more tolerant of inefficient use of time' is not the most effective approach unless the learners are explicitly interested in exploration without time constraints, which is rare in EMS settings. 'Adult learners do not care about the practical application of knowledge' would be appropriate if the course were purely theoretical, but in this scenario, practical application is crucial for skill development. 'Youth learner expectations' address different developmental needs and motivations, which do not align with the adult learning context described here."	"Foundations of Education, page 100"
Chapter 4	INST-3E-148	Which approach would be MOST EFFECTIVE for developing critical thinking skills in adult EMS students?	Single	Encourage students to integrate new information with their existing knowledge frameworks through structured problem-solving activities that promote deeper understanding.	Critical thinking skills are innate abilities that cannot be developed or enhanced through educational interventions or instructional strategies.	"Adults can easily memorize isolated facts without context or connection to prior knowledge, making integration unnecessary for learning."	Focus primarily on memory techniques and mnemonic devices to enhance learning outcomes and improve student retention of information.			A	5	Learning Styles	Principles of Adult Learning > Critical Thinking Skills	"Encouraging students to integrate new information with their existing knowledge frameworks through problem-solving activities fosters critical thinking by actively engaging them in the learning process. 'Critical thinking skills are innate and cannot be developed' is not the most effective approach unless the focus is purely on recall, which doesn't apply here. 'Adults can easily memorize isolated facts without context' would be appropriate if memorization was the sole goal, but critical thinking requires deeper understanding. 'Focus on memory techniques to enhance learning' is important but secondary to developing the ability to analyze and apply information in complex scenarios."	"Foundations of Education, page 104"
Chapter 4	INST-3E-149	What role does Maslow's hierarchy of needs play in an adult learner's ability to succeed in an EMS course?	Single	Foundational needs such as safety and belonging must be adequately met before effective learning can occur in adult learners.	All students enrolled in the course have identical levels of needs met regardless of their individual circumstances or backgrounds.	Esteem needs play no relevant role in the learning environment and have no impact on student success or engagement.	Self-actualization represents the primary and most important focus that should be emphasized in all educational settings and programs.			A	2	Learning Styles	Principles of Adult Learning > Maslow’s Hierarchy	"Safety and belonging are foundational needs that must be met for effective learning to occur, as they provide the necessary environment for students to focus on higher-order learning. 'All students have the same level of needs met' is not the most effective approach unless all learners are in the same socio-economic and emotional situation, which is unlikely. 'Esteem needs are irrelevant in a learning environment' would be appropriate if learners were solely focused on content, but self-esteem influences motivation and engagement. 'Self-actualization is the primary focus in educational settings' addresses the ultimate goal of personal growth, but here the focus is on basic needs that enable learning."	"Foundations of Education, page 107"
Chapter 5	INST-3E-161	"An EMS instructor delivers lectures with detailed PowerPoint slides and comprehensive handouts, but notices three students consistently fidgeting, asking to demonstrate skills early, and performing poorly on written exams despite strong practical performance. What should the instructor recognize about this situation?"	Single	"The instructor's preference for visual and read-write learning may be causing them to underserve kinesthetic learners, requiring integration of hands-on activities throughout theory sessions."	"The students likely have attention disorders that prevent engagement with standard instructional methods, requiring referral to student services for accommodation documentation and behavioral intervention."	The instructor should implement stricter classroom management policies during lectures to reduce fidgeting behaviors and require students to focus on the presented visual materials more effectively.	"These students demonstrate stronger practical aptitude than cognitive ability, suggesting they should receive modified written assessments that better align with their skill-based competencies."			A	3	Learning Styles	Assessing the Educator's Learning Style	"The correct answer recognizes that educators naturally teach to their own learning preferences, which can create mismatches with students who learn differently. The instructor's visual/read-write approach neglects kinesthetic learners who need movement and hands-on practice integrated throughout instruction, not just during skills labs. The attention disorder distractor might seem plausible but assumes pathology rather than recognizing learning style mismatch; this would be appropriate if behavioral patterns persisted across all instructional modalities. The classroom management distractor attempts to force students into the instructor's preferred style rather than adapting instruction; this approach would be suitable only after confirming that disruptions stem from behavioral issues, not unmet learning needs. The modified assessment distractor incorrectly separates cognitive and psychomotor domains rather than recognizing that kinesthetic learners can master cognitive content when it's delivered through their preferred modality; assessment modifications are appropriate for documented disabilities, not learning style preferences."	"Foundations of Education, page 131"
Chapter 5	INST-3E-174	What are the three stages of memory?	Single	"Sensory, working, and long-term memory."	"Short-term, divided attention, and long-term memory."	"Encoding processes, working, and sensory memory."	"Emotional, sensory, and cognitive memory."			A	1	Learning Styles	Learning Styles: Concepts and Controversies > The Neuroscience > Memory	"Sensory, working, and long-term memory are the three stages recognized in memory processing, each playing a distinct role in how information is retained and recalled. 'Short-term, divided attention, and long-term memory' confuses attention with memory stages, which are separate concepts. 'Encoding processes, working, and sensory memory' inaccurately places encoding as a memory stage instead of a process within them. 'Emotional, sensory, and cognitive memory' incorrectly identifies emotional and cognitive as separate stages, whereas they influence memory processes."	"Foundations of Education, page 123"
Chapter 6	INST-3E-201	What is the PRIMARY characteristic that distinguishes cultural humility from cultural competency in EMS education?	Single	Cultural humility recognizes learning about others' cultures as a continuous lifelong process rather than an endpoint that can be achieved through study.	Cultural humility requires instructors to complete formal diversity training programs before teaching students from backgrounds different than their own.	Cultural humility focuses on developing awareness of cultural differences in the classroom while cultural competency addresses patient care situations exclusively.	Cultural humility emphasizes learning specific cultural practices and customs through research while cultural competency relies primarily on personal experience.			A	1	Cultural Awareness	Culture in the EMS Classroom > Teaching through a Cultural Lens	"Cultural humility is correctly characterized as an ongoing process of self-reflection and learning that maintains openness to others' cultural identities, rather than a finite goal of mastering cultural knowledge. The distractor about formal diversity training confuses structured programs (which represent cultural awareness initiatives) with the reflective, interpersonal stance of cultural humility; diversity training would be appropriate for introducing cultural concepts but cannot replace the continuous self-examination cultural humility requires. The distractor separating classroom awareness from patient care misrepresents both concepts as context-specific when they actually apply across all EMS interactions; this distinction would be relevant when discussing situational cultural sensitivity but not the fundamental nature of cultural humility. The distractor reversing the research emphasis incorrectly attributes the study-focused approach to cultural humility when this actually describes cultural competency; this reversal would appropriately describe cultural competency's limitation of attempting to achieve complete knowledge through studying observable cultural characteristics."	"Foundations of Education, page 137"
Chapter 6	INST-3E-210	Which approach BEST addresses generational diversity when designing EMS educational programs?	Single	Focus on creating flexible learning environments that accommodate varied experiences and preferences while avoiding assumptions based on age cohorts.	Incorporate technology-enhanced learning primarily for younger students while maintaining traditional lecture formats for students over age 50.	Design separate curriculum tracks based on generational cohorts to ensure each age group receives instruction matched to their preferred learning modality.	Prioritize digital learning platforms since most current EMS students have grown up with technology and expect interactive multimedia instruction.			A	2	Cultural Awareness	Culture in the EMS Classroom > Diversity in the Classroom > Generational Learning: Is There Really a	"Effective educational design creates flexible learning environments that accommodate individual differences without making assumptions based on generational labels. While option B might seem reasonable by offering variety, it incorrectly assumes age-based preferences rather than individual needs. Option C suggests generational cohorts require separate tracks, which reinforces stereotypes and ignores individual variation within age groups. Option D assumes technology preference based on current student demographics, overlooking that learning preferences vary within any age group and that not all students have equal technology access or comfort regardless of age."	"Foundations of Education, page 139"
Chapter 7	INST-3E-233	What is the primary characteristic of psychological safety in an EMS learning environment?	Single	Students feel comfortable making mistakes and learning from errors without fear of ridicule in an atmosphere of mutual respect.	Students are protected from physical hazards during laboratory practice sessions and follow established safety protocols during skill demonstrations.	Students have their basic physiological and security needs met before higher-level learning can effectively occur in the classroom.	Students follow established behavioral expectations and classroom rules that maintain order and prevent disruptions during instruction.			A	1	Learning Environment	The Learning Environment > The Psychological Environment > Safety in Learning	"Psychological safety in learning specifically refers to creating an environment where students can make and learn from mistakes without fear of ridicule, existing in an atmosphere of mutual respect and shared responsibility. This requires instructors to respond constructively to student errors rather than punitively. Physical safety protocols are essential for laboratory and clinical settings but address hazard prevention rather than the emotional climate for learning. Maslow's hierarchy provides a broader framework for understanding prerequisite needs but does not specifically address the instructor's role in responding constructively to errors. Classroom management and behavioral expectations support the learning environment but focus on maintaining order rather than creating the trust needed for students to take intellectual risks."	"Foundations of Education, page 159"
Chapter 7	INST-3E-235	An EMS instructor is designing the opening session of a new EMT course and decides to implement an ice-breaker activity where students introduce themselves and share their motivations for entering EMS. What is the PRIMARY purpose of this ice-breaker activity?	Single	"To allow students to introduce themselves while enabling the instructor to assess personality traits, comfort levels, and establish expectations for collaborative learning throughout the course."	To provide an entertaining introduction that helps students relax and feel comfortable before the instructor transitions to presenting the course syllabus and administrative requirements.	To conduct an informal assessment of each student's prior EMS knowledge and clinical experience that will guide the instructor's decisions about content emphasis during lectures.	To create initial student connections that will be strengthened through structured team-building exercises and cooperative learning activities scheduled throughout the remainder of the program.			A	2	Learning Environment	The Learning Environment > Classroom Introductions > Student Introductions	"Ice-breaker activities serve multiple instructional purposes beyond simple introductions: they provide opportunities for students to introduce themselves, help instructors gain impressions of student personality and comfort level, put students on notice that learning will involve collaboration and dialogue, and impact student motivation to work as a team. While entertainment and comfort are byproducts, they are not the primary instructional purpose; ice-breakers are strategic tools that establish the collaborative learning culture from day one. Assessment of prior knowledge is valuable but is typically accomplished through formal pre-assessments or targeted questioning rather than through ice-breaker introductions. Team-building exercises throughout the course are important for ongoing group development, but ice-breakers specifically serve the unique purpose of establishing initial expectations and impressions at the course outset."	"Foundations of Education, page 154"
Chapter 7	INST-3E-246	Which statement BEST describes the primary impact of minimizing classroom distractions on student learning?	Single	Students demonstrate improved focus and retention when environmental interruptions are reduced through proactive instructor management.	Classroom distractions have minimal effect on learning outcomes since students naturally adapt to various environmental conditions.	Physical classroom layout is the sole determinant of whether distractions will impact the overall learning experience.	Technology integration automatically eliminates most classroom distractions by engaging students through multiple sensory channels.			A	4	Learning Environment	The Learning Environment > The Physical Environment > Distractions	"Minimizing distractions through proactive instructor management directly enhances student focus and information retention, creating a more effective learning environment. Research demonstrates that reduced interruptions correlate with improved cognitive processing and learning outcomes. Option B incorrectly suggests distractions have minimal impact, contradicting educational research on attention and learning. Option C incorrectly identifies physical layout as the 'sole determinant,' ignoring instructor management, student engagement strategies, and behavioral expectations. Option D makes an unsupported claim about technology automatically eliminating distractions, when technology can actually introduce new distractions without proper implementation."	"Foundations of Education, page 156"
Chapter 9	INST-3E-312	An EMS instructor is preparing to assess students on an objective that states: 'The student will select the appropriate airway management technique for patients with specific clinical presentations.' The instructor is deciding between four assessment methods. Which assessment method provides the BEST alignment with this objective?	Single	A written test presenting clinical scenarios where students choose the most appropriate airway technique from multiple options for each patient presentation.	A practical skills station where students physically perform advanced airway techniques on manikins while explaining their clinical decision-making process to evaluators.	A case-based oral examination requiring students to develop novel airway management protocols for complex multi-system trauma patients with unusual presentations.	An observational checklist during live patient care where students must independently manage actual airways in the field under various emergency conditions.			A	3	Goals and Objectives	Goals and Objectives > Goals and Objectives and the Assessment Process	"The written scenario-based test correctly aligns with the objective's verb 'select,' which represents a cognitive application-level task requiring students to choose appropriate techniques based on clinical information. The practical skills station would be appropriate if the objective specified 'demonstrate' or 'perform' airway techniques, targeting psychomotor domain assessment rather than cognitive selection. The case-based oral examination requiring protocol development would be suitable for higher-level objectives using verbs like 'create' or 'design,' testing synthesis rather than selection. The observational checklist during live patient care would align with objectives stating 'manage independently' or 'perform in clinical settings,' which would specify real-world application beyond the selection level indicated in this objective."	"Foundations of Education, page 200"
Chapter 3	INST-3E-113	What is the KEY DIFFERENCE between short-term and long-term memory in the context of EMS training?	Single	Repetition and multi-sensory engagement help transfer information from short-term to long-term memory.	Memory formation does not require repetition.	Only visual information can be transferred to long-term memory.	Short-term memory is more important than long-term memory in EMS training.			A	4	Learning Styles		"Repetition and multi-sensory engagement help transfer information from short-term to long-term memory, crucial for retaining EMS skills. 'Memory formation does not require repetition' is incorrect as repetition is essential for consolidation. 'Only visual information can be transferred to long-term memory' is a misconception, as all sensory modalities contribute. 'Short-term memory is more important than long-term memory in EMS training' is misleading, as both types of memory play critical roles, with long-term memory ensuring skill retention over time."	
Chapter 8	INST-3E-273	"An EMS instructor evaluates a paramedic student who can successfully perform IV cannulation smoothly and efficiently without consciously thinking through each step of the procedure. According to the psychomotor domain hierarchy, at which level is this student performing?"	Single	"Naturalization, where the skill has become automatic and the student performs it competently without conscious effort or deliberate attention to individual steps."	"Articulation, where the student coordinates multiple skills together and performs them with increased speed but still requires some conscious attention to technique."	"Precision, where the student performs the skill accurately and with control but must still consciously focus on each step to ensure correct execution."	"Manipulation, where the student follows written instructions or remembers procedures from practice and performs the skill with guidance but lacks consistent accuracy."			A	1	Domains of Learning	Domains of Learning > Categorizing the Domains > Psychomotor Domain	"Naturalization (Level 5) is correct because it represents the highest level of psychomotor skill development where performance becomes automatic, competent, and requires no conscious thought—exactly as described in the scenario. Articulation (Level 4) would be appropriate if the student were combining multiple complex skills with efficiency but still needed some conscious attention to coordination. Precision (Level 3) would apply if the student performed accurately but still had to think deliberately about each step of the procedure. Manipulation (Level 2) would be the correct level if the student could perform the skill following instructions but lacked the independence and consistency described in this scenario."	"Foundations of Education, page 172"
Chapter 8	INST-3E-276	What are the three domains of learning according to Bloom and colleagues?	Single	"Cognitive, affective, and psychomotor"	"Cognitive, emotional, and physical"	"Knowledge, skills, and attitudes"	"Cognitive, behavioral, and emotional"			A	1	Domains of Learning	Domains of Learning > Categorizing the Domains	"The three domains of learning, according to Bloom and colleagues, are cognitive, affective, and psychomotor, which categorize the areas of human learning into distinct types. 'Cognitive, emotional, and physical' is not the most effective approach unless considering informal categorizations that don't align with Bloom's framework. 'Knowledge, skills, and attitudes' would be appropriate if discussing general educational objectives, but in this scenario, the focus is on Bloom's specific domains. 'Cognitive, behavioral, and emotional' is valuable for discussing learning in broader psychological terms, but here the specific terminology of the domains is required."	"Foundations of Education, page 172"
Chapter 8	INST-3E-282	An EMS instructor wants to improve students' critical thinking skills. Which level of the cognitive process dimension should they focus on?	Single	Analyze	Remember	Understand	Apply			A	3	Domains of Learning	Domains of Learning > Domain Levels and Dimensions > Cognitive Domain Dimensions and Levels > The Co	"Focusing on the 'Analyze' level helps improve students' critical thinking skills by encouraging them to break down information and evaluate relationships. 'Remember' would be appropriate if the goal was memorization, but in this scenario, deeper analysis is required. 'Understand' is important for grasping concepts, but secondary to the critical thinking focus here. 'Apply' could be effective when practical application is the goal, however, this scenario requires analytical skills."	"Foundations of Education, page 144"
Chapter 11	INST-3E-379	"An EMS instructor notices that students completed a challenging trauma simulation but are immediately moving to the next activity without discussion. According to Kolb's Experiential Learning Theory, what should the instructor do to ensure the experience transforms into knowledge?"	Single	"Facilitate a structured debriefing session that guides students through reflective observation of their actions and decisions, then connect these reflections to active experimentation in future scenarios."	"Provide immediate hands-on practice with another similar scenario to reinforce the skills demonstrated, allowing students to experiment with different approaches through repeated active participation."	"Schedule individual reflection journals for students to complete independently after class, then proceed with additional simulation exercises to maximize their exposure to varied clinical situations."	Distribute a comprehensive written analysis of optimal trauma management steps and have students compare their performance to the ideal sequence before moving to the next learning activity.			A	3	Facilitation Techniques	Introduction to Teaching Strategies > Building Confidence in Decision Making > Example 1	"Kolb's theory requires both modes of transformation: reflective observation and active experimentation working together to convert experience into knowledge. The correct answer incorporates both essential components—structured reflection on the completed experience followed by intentional connection to future practice. Providing only additional hands-on practice would represent active experimentation without the critical reflective observation component, though this approach would be appropriate when students have already completed adequate reflection and need skill reinforcement. Independent journaling followed by more simulations separates the two transformation modes rather than integrating them, though delayed reflection could be valuable as part of ongoing professional development after initial structured debriefing. Written analysis of ideal performance focuses on knowledge transmission rather than transformation of the student's lived experience, though this approach would be appropriate for introducing new content before experiential activities begin."	"Foundations of Education, page 200"
Chapter 11	INST-3E-393	Which statement BEST DESCRIBES the role of an educator in a student-centered classroom?	Single	"The educator acts as a facilitator, guiding and supporting students."	The educator provides direct instruction and lectures.	The educator focuses solely on assessing student performance.	The educator dictates the learning pace and content.			A	2	Facilitation Techniques	Introduction to Teaching Strategies > OBJECTIVES > Cognitive Domain	"The educator acts as a facilitator, guiding and supporting students, which is crucial in a student-centered classroom to foster independence and engagement. Providing direct instruction and lectures is not the most effective approach unless the goal is to convey information quickly in a teacher-centered context. Focusing solely on assessing student performance would be appropriate if the aim were to evaluate learning outcomes, but in this scenario, the emphasis is on facilitating learning. Dictating the learning pace and content is valuable for standardized curriculum delivery but does not align with the principles of student-centered learning."	"Foundations of Education, page 220"
Chapter 11	INST-3E-395	What is the PRIMARY characteristic that distinguishes the Socratic method from traditional lecturing in an EMS classroom?	Single	The Socratic method uses questions to guide students toward discovering answers themselves.	The Socratic method requires students to take detailed notes during instruction.	The Socratic method allows instructors to cover more content in less time.	The Socratic method eliminates the need for student preparation before class.			A	4	Facilitation Techniques	Introduction to Teaching Strategies > Questioning Techniques > Socratic Method	"The Socratic method is distinguished by its use of strategic questioning to guide students toward discovering answers and developing critical thinking skills, rather than directly providing information. This questioning approach encourages active engagement and deeper analysis. Option B is incorrect because note-taking is associated with traditional lecturing, not the Socratic method. Option C is incorrect because the Socratic method typically requires more time than traditional lecturing due to its interactive nature and is not designed for rapid content delivery. Option D is incorrect because the Socratic method actually requires significant student preparation to engage meaningfully with the questioning process."	"Foundations of Education, page 198"
Chapter 12	INST-3E-400	Which statement BEST DESCRIBES the role of factual knowledge in EMS education?	Single	Factual knowledge provides foundational terminology and details that students must acquire before they can develop conceptual or procedural knowledge.	Factual knowledge represents the highest level of cognitive achievement and demonstrates a student's readiness for independent clinical practice in the field.	"Factual knowledge encompasses the ability to understand complex interrelationships between pathophysiology, assessment findings, and treatment interventions in patient care scenarios."	Factual knowledge includes the psychomotor skills and step-by-step procedures that students demonstrate during hands-on laboratory sessions and clinical competency evaluations.			A	2	Teaching Thinking Skills	Teaching in All Domains > Types of Knowledge > Factual Knowledge	"Factual knowledge serves as the essential foundation in EMS education, consisting of basic facts, terminology, details, and dates that students must acquire first before progressing to higher-order learning. Learning objectives for factual knowledge appropriately use verbs like 'define,' 'recall,' 'recognize,' and 'articulate.' Option B incorrectly suggests factual knowledge is the pinnacle of learning, when it actually represents the foundational level that precedes conceptual and procedural knowledge needed for clinical competence. Option C describes conceptual knowledge, which involves understanding interrelationships and would be appropriate when assessing a student's ability to connect multiple concepts. Option D describes procedural knowledge, which focuses on knowing how to perform skills and would be appropriate when evaluating psychomotor competencies."	"Foundations of Education, page 236"
Chapter 12	INST-3E-406	An instructor observes a student practicing endotracheal intubation who consistently uses an incorrect hand position on the laryngoscope but successfully visualizes the vocal cords. What should the instructor do?	Single	Immediately intervene to correct the hand position before the student practices the incorrect technique further and develops a poor habit.	Allow the student to continue practicing with the current technique since successful visualization indicates competency at this learning stage.	Wait until the student completes several more attempts to determine if the hand position error self-corrects through repeated practice.	Document the hand position variation as acceptable individual adaptation since the student achieves the desired outcome of vocal cord visualization.			A	3	Teaching Thinking Skills	Teaching in All Domains > Manipulation	"During the manipulation phase, instructors must closely monitor learners and intervene promptly to prevent incorrect techniques from being practiced and learned as habits, even when the skill appears successful. Allowing continued practice with incorrect technique permits bad habits to form, which becomes increasingly difficult to correct as the incorrect pattern becomes ingrained. Waiting for self-correction ignores the instructor's essential role during manipulation, as students at this level lack the experience to identify and correct their own technical errors without guidance. Documenting variations as acceptable adaptations is appropriate at the precision or articulation levels when students have mastered fundamentals, but premature acceptance of improper technique during manipulation undermines skill development and may compromise patient safety in future practice."	"Foundations of Education, page 252"
Chapter 12	INST-3E-427	Which statement BEST DESCRIBES meta-cognitive knowledge?	Single	Meta-cognitive knowledge involves awareness and understanding of one's own thought processes.	Meta-cognitive skills are innate and cannot be developed.	Meta-cognitive knowledge is only relevant for advanced learners.	Meta-cognitive knowledge focuses on the ability to recall factual information quickly.			A	2	Teaching Thinking Skills	Teaching in All Domains > Types of Knowledge > Meta-Cognitive Knowledge	"Meta-cognitive knowledge involves awareness and understanding of one's own thought processes, enabling students to monitor and adjust their learning strategies. 'Meta-cognitive skills are innate and cannot be developed' would be appropriate IF assuming fixed abilities, but in this scenario, they can be cultivated through practice. 'Meta-cognitive knowledge is only relevant for advanced learners' is not the most effective approach UNLESS dealing with highly specialized topics, but in this scenario, it's crucial for all learners. 'Meta-cognitive knowledge focuses on the ability to recall factual information quickly' addresses cognitive recall but does not address the self-awareness needed in this scenario."	"Foundations of Education, page 236"
Chapter 12	INST-3E-434	Which approach would be MOST EFFECTIVE for achieving naturalization in psychomotor skills?	Single	"Consistent and deliberate practice over time, aiming to perform skills flawlessly and with minimal conscious effort."	Naturalization is achieved quickly with practice.	Focusing solely on theoretical understanding to enhance psychomotor skills.	Practicing only when supervised to ensure correct performance.			A	5	Teaching Thinking Skills	Teaching in All Domains > Articulation > Naturalization	"Consistent and deliberate practice over time, aiming to perform skills flawlessly and with minimal conscious effort, is essential for achieving naturalization in psychomotor skills. 'Naturalization is achieved quickly with practice' is not the most effective approach UNLESS assuming rapid mastery, but in this scenario, long-term practice is needed. 'Focusing solely on theoretical understanding to enhance psychomotor skills' could be effective when establishing foundational knowledge, however this scenario requires hands-on practice. 'Practicing only when supervised to ensure correct performance' addresses quality assurance but does not address the independence needed in this scenario."	"Foundations of Education, page 253"
Chapter 13	INST-3E-449	An EMS instructor is teaching paramedic students about reflective practice following a successful pediatric resuscitation simulation. Which statement BEST describes the primary purpose of professional reflection in this context?	Single	Examining the underlying causes of clinical decisions and their potential impact on future patient care to understand why interventions succeeded	Recording a detailed chronological account of the simulation events and interventions performed to document what occurred during the scenario	Celebrating the successful outcome of the resuscitation to reinforce positive feelings and build confidence in pediatric emergency management skills	Comparing individual performance against established protocols and standards to assign ratings that measure competency levels achieved during simulation			A	2	Teaching Resources	Tools for Individual Learning > Critical Thinking and Reflective Practice in Adult Education	"Professional reflection is both constructive and productive, examining underlying causes, internal reactions, and future implications rather than simply recounting events or justifying outcomes. This approach promotes deep learning by analyzing why decisions were made and how they might influence future practice. Recording chronological accounts is journaling, which captures experiences but lacks the analytical depth needed for constructive reflection. Celebrating successes addresses emotional responses but misses the opportunity to examine underlying elements that contributed to positive outcomes, which is equally important for professional growth. Comparing performance against standards represents self-evaluation, which provides performance ratings but doesn't explore the deeper causes and responses that characterize productive reflective practice."	"Foundations of Education, page 234"
Chapter 13	INST-3E-453	Which statement BEST describes the role of reading assignments in EMS education?	Single	Reading assignments provide foundational knowledge that enhances classroom learning and assessment performance	Reading assignments serve primarily as supplementary material that students can review if time permits	Highlighting key passages in assigned readings is the most effective strategy for ensuring content mastery	Reading assignments function mainly to reduce the amount of content that must be covered during class sessions			A	2	Teaching Resources	Tools for Individual Learning > Reading Assignments	"Reading assignments provide foundational knowledge that enhances classroom learning and assessment performance by establishing baseline understanding before class activities and discussions. This pre-class preparation allows for deeper engagement with complex topics during instruction. Option B incorrectly suggests readings are optional supplements rather than integral learning tools. Option C presents highlighting as a sufficient learning strategy, but research shows that passive highlighting without active processing strategies provides limited benefit to comprehension and retention. Option D mischaracterizes the purpose of readings as merely logistical rather than pedagogical; while readings do allow for efficient use of class time, their primary function is to build knowledge and prepare students for higher-order learning activities."	"Foundations of Education, page 234"
Chapter 13	INST-3E-456	An EMS instructor wants to enhance student retention of course material and provide meaningful feedback on performance. Which instructional strategy is MOST effective for achieving both goals?	Single	Implement frequent practice tests with feedback to leverage retrieval practice and the testing effect	Distribute comprehensive lecture notes for students to review independently between class sessions	Organize peer discussion groups where students can share perspectives on course content	Administer a single comprehensive quiz at the midpoint of the course to assess knowledge			A	3	Teaching Resources	Tools for Individual Learning > Practice Tests	"Frequent practice tests with feedback are most effective for enhancing retention and providing performance feedback. Research demonstrates that learning and retention are enhanced through frequent, spaced retrieval practice (the testing effect), and this effect is significantly stronger when accompanied by feedback. This combination addresses both goals: retrieval practice strengthens memory consolidation, while feedback guides improvement. Lecture notes support passive review but lack the active retrieval component essential for deep learning. Peer discussion groups promote collaborative learning but don't provide the structured retrieval practice and individual feedback needed for optimal retention. A single midpoint quiz provides limited retrieval opportunities and misses the benefits of spaced practice that strengthen long-term retention."	"Foundations of Education, page 240"
Chapter 14	INST-3E-467	"An EMS instructor asks students to individually consider possible causes of hypotension for two minutes, then discuss their ideas with a partner for three minutes, and finally have each pair report their conclusions to the class. Which instructional strategy is the instructor using?"	Single	"Think-Pair-Share, a cooperative learning technique that progresses from individual thinking to paired discussion to whole-class sharing of solutions"	"Informal group discussion, a spontaneous learning technique where students immediately collaborate with neighbors to explore instructor-posed questions without structured phases"	"Case discussion method, a structured learning technique where groups analyze clinical scenarios together and present comprehensive findings to the class"	"Seminar-style presentation, a student-led learning technique where pairs prepare and deliver instructional content to their classmates based on assigned topics"			A	1	Facilitation Techniques	Tools for Small Group Learning > Small Group Learning Models > Cooperative	"Think-Pair-Share is correctly identified by its three distinct sequential phases: individual thinking time, paired discussion, and whole-class sharing, as demonstrated in this scenario. Informal group discussion would be appropriate for spontaneous collaboration but lacks the structured individual thinking phase that distinguishes Think-Pair-Share. Case discussion method would be suitable for complex scenario analysis but typically involves sustained group work rather than the brief paired phase characteristic of Think-Pair-Share. Seminar-style presentation would be appropriate when students need to research and teach content to peers, but it emphasizes content delivery rather than the collaborative problem-solving process central to Think-Pair-Share."	"Foundations of Education, page 249"
Chapter 14	INST-3E-483	"According to best practices in EMS education, what is the PRIMARY advantage of using small group learning activities?"	Single	Small groups allow instructors to maintain complete control over all student interactions and discussions.	Small groups enable students to actively engage with content through peer interaction and collaborative problem-solving.	Small groups are only effective when limited to exactly 4-5 students and focused on psychomotor skill development.	Small groups eliminate the need for instructor facilitation since students can teach themselves effectively.			B	2	Facilitation Techniques	Tools for Small Group Learning > Delivering the Message	"The primary advantage of small group learning is that it enables active student engagement through peer interaction and collaborative problem-solving. This approach promotes deeper learning through discussion, diverse perspectives, and shared knowledge construction. Option A is incorrect because effective facilitation involves guiding rather than controlling discussions. Option C is incorrect because small groups can vary in size (4-5 is ideal but not mandatory) and are effective for cognitive, affective, and psychomotor learning. Option D is incorrect because instructor facilitation remains essential to guide learning, clarify misconceptions, and ensure learning objectives are met."	"Foundations of Education, page 276"
Chapter 14	INST-3E-484	"During a small group discussion, an instructor notices that three students consistently dominate the conversation while two others remain silent. What is the MOST effective strategy to address this situation?"	Single	Ask direct questions to the quieter students to draw them into the discussion	Allow the discussion to continue naturally since some students prefer to listen	Privately reprimand the dominant students for monopolizing the conversation	Transition to a lecture format to ensure equal information delivery to all students			A	3	Facilitation Techniques	Tools for Small Group Learning > Delivering the Message	"Asking direct questions to quieter students is the most effective facilitation strategy to ensure balanced participation. This approach, recommended in NAEMSE facilitation techniques, actively engages all learners without being punitive. It creates opportunities for less vocal students to contribute while maintaining a supportive learning environment. Allowing unbalanced participation fails to address the instructor's facilitation responsibility and may leave some students disengaged. Reprimanding dominant students can create a negative atmosphere and discourage future participation. Converting to lecture format abandons the benefits of interactive learning and doesn't address the underlying participation imbalance that small group discussions are designed to overcome."	"Foundations of Education, page 276"
Chapter 14	INST-3E-492	Which statement BEST describes team-based learning in EMS education?	Single	Team-based learning uses structured group assignments to develop both academic knowledge and collaborative skills through instructor-facilitated activities.	Team-based learning relies on spontaneous student groupings without structured instructor oversight or predetermined learning objectives.	Team-based learning and cooperative learning are interchangeable terms that describe identical instructional approaches with the same implementation methods.	Team-based learning prioritizes individual student achievement through independent study with minimal emphasis on group interaction or collaboration.			A	2	Facilitation Techniques	Tools for Small Group Learning > Team-Based Learning	"Team-based learning (TBL) is a structured instructional strategy that emphasizes long-term collaboration through carefully designed group assignments. It requires active instructor facilitation to guide group dynamics, ensure accountability, and meet learning objectives. TBL differs from cooperative learning in its emphasis on team accountability, structured preparation phases, and application-focused activities. While individual preparation is essential, the core focus is collaborative problem-solving and peer learning. Without instructor facilitation, TBL cannot achieve its intended outcomes of developing both content mastery and teamwork skills."	"Foundations of Education, page 250"
Chapter 15	INST-3E-502	"An EMS instructor delivers a lecture on cardiac emergencies. In the introduction, the instructor states the topic and learning objectives. In the conclusion, the instructor asks students to verbally identify the three most critical assessment findings they learned. What is the PRIMARY purpose of this conclusion strategy?"	Single	To reinforce key take-home points using an active format that engages students in reviewing what they learned	To assess whether students can apply cardiac assessment skills in simulated patient scenarios beyond the lecture content	To introduce a transition activity that prepares students for the next scheduled lesson on respiratory emergencies	To provide the instructor with formative assessment data that determines which students require additional remedial training			A	2	Presentations Skills	Tools for Large Group Learning > Introduction: Tell Them What They Are Going to Be Told / The Conclu	"The conclusion should reinforce key take-home points using active formats rather than passive review, which engages students in consolidating what they learned during the body of the lecture. While assessing application skills is valuable, this represents evaluation beyond the three-part lecture framework and would be more appropriate during skills stations or simulation exercises. Transitioning to new content belongs in the introduction of the next lecture, not in the conclusion of the current one, which should focus on summarizing and reinforcing what was just taught. Although instructor assessment is beneficial, the primary purpose of an active conclusion is student learning reinforcement rather than instructor data collection, which would be better served through formal quizzes or other assessment tools."	"Foundations of Education, page 299"
Chapter 15	INST-3E-508	"An EMS instructor teaching a class of 45 students wants to implement an audience response system to assess understanding during a lecture on cardiac dysrhythmias, but the program has no budget for technology purchases. The instructor has access to basic classroom supplies. Which approach would best provide immediate, simultaneous feedback from all students while maintaining cost-effectiveness?"	Single	"Create individual whiteboards from 12x12-inch white tileboard squares, providing each student with a board, dry-erase marker, and paper towel to display answers simultaneously when prompted."	Implement a digital polling system using free smartphone applications that students can access through their personal devices to submit responses that aggregate into real-time data displays.	"Distribute colored index cards to each student representing different answer choices, then ask students to raise the appropriate card sequentially by row to track responses systematically."	"Use a show-of-hands voting method where students raise hands for each answer choice presented verbally, with the instructor counting responses and recording participation patterns for each question."			A	4	Presentations Skills	Tools for Large Group Learning > Audience Feedback Systems	"The low-tech whiteboard system using tileboard squares provides simultaneous, visual feedback from all students at minimal cost, allowing the instructor to quickly assess class-wide concept mastery and identify knowledge gaps. Digital polling systems are valuable when technology infrastructure and reliable connectivity exist, making them appropriate for programs with technology budgets and when aggregate data analysis is prioritized. Sequential card-raising by row would be appropriate when controlling the pace of response collection is essential, though it sacrifices the simultaneity that prevents students from changing answers based on peers' responses. Show-of-hands voting works well for quick opinion checks or when anonymity is not required, but it lacks the visual permanence and individual accountability that written responses provide for meaningful formative assessment."	"Foundations of Education, page 270"
Chapter 15	INST-3E-517	What is a primary challenge when teaching large groups of EMS students?	Single	Difficulty monitoring individual comprehension and providing personalized feedback	Inability to use visual aids or presentation technology effectively	Reduced opportunity to cover essential course content within time constraints	Decreased student motivation due to classroom size alone			A	1	Presentations Skills	Tools for Large Group Learning > Cognitive Domain	"The primary challenge of large group instruction is the difficulty in monitoring individual student comprehension and providing personalized feedback. With many students, instructors have limited ability to assess understanding in real-time, answer individual questions, or tailor instruction to specific learning needs. Option B is incorrect because visual aids and technology can actually be more effective in large groups. Option C is incorrect because large groups don't inherently limit content coverage; the same material can be presented. Option D is incorrect because student motivation depends on instructional methods and engagement strategies, not class size alone. Effective large group instructors use techniques like audience response systems, think-pair-share activities, and strategic questioning to overcome these challenges."	"Foundations of Education, page 292"
Chapter 15	INST-3E-521	What is the role of effective questioning in promoting learning?	Single	It encourages critical thinking and engagement.	Any question will promote learning.	Questioning is only useful for small groups.	It serves as a review of factual knowledge only.			A	2	Presentations Skills	Tools for Large Group Learning > Cognitive Domain	"Effective questioning encourages critical thinking and engagement by prompting students to analyze and apply concepts. 'Any question will promote learning' is not the most effective approach unless questions are thoughtfully designed to challenge students. 'Questioning is only useful for small groups' is valuable in personalized settings, but here the context is about engaging large groups. 'It serves as a review of factual knowledge only' could be effective when the goal is to recall information, however this scenario requires deeper engagement and critical thinking."	"Foundations of Education, page 292"
Chapter 15	INST-3E-523	Which statement BEST DESCRIBES the function of audience feedback systems?	Single	They allow real-time interaction and engagement in large group settings.	Feedback systems are only for online learning.	They replace the need for verbal interaction.	They are primarily used for grading purposes.			A	2	Presentations Skills	Tools for Large Group Learning > Cognitive Domain	"Audience feedback systems allow real-time interaction and engagement, making them valuable in large group settings where individual participation might be limited. 'Feedback systems are only for online learning' is not the most effective approach unless the setting is entirely digital, which is not the case here. 'They replace the need for verbal interaction' could be effective in reducing lecture time, however, this scenario requires maintaining verbal engagement. 'They are primarily used for grading purposes' addresses assessment but does not address the interactive engagement need in this context."	"Foundations of Education, page 292"
Chapter 15	INST-3E-531	What is a key aspect of handling questions effectively during a lecture?	Single	Recognizing nonverbal cues and encouraging student participation.	Answering questions only at the end of the lecture.	Focusing on the instructor's prepared content.	Encouraging questions only from confident students.			A	2	Presentations Skills	Tools for Large Group Learning > Handling Questions	"Recognizing nonverbal cues and encouraging student participation ensures that all students feel included and engaged in the learning process. Answering questions only at the end of the lecture would be appropriate for time management but does not encourage ongoing interaction. Focusing on the instructor's prepared content addresses content coverage but does not involve students interactively. Encouraging questions only from confident students could be effective in creating a comfortable environment for those students, however, this scenario requires inclusive engagement."	"Foundations of Education, page 297"
Chapter 16	INST-3E-534	Which statement BEST describes how cognitive load theory should guide an EMS instructor's slide design during a lecture on cardiac emergencies?	Single	Slides should feature relevant cardiac images with minimal text and fewer than six objects to prevent overwhelming students' working memory while listening to instruction.	Slides should present complete bullet-point lists immediately so students can read all cardiac assessment steps while the instructor elaborates on each point verbally.	Slides should contain detailed cardiac anatomy text and diagrams simultaneously to support dual coding theory by engaging both visual and verbal processing channels together.	Slides should include comprehensive cardiac protocols with multiple diagrams to provide students with more reference material and reinforce chunking of related information concepts.			A	2	Teaching Resources	Using Technology to Enhance Classroom Learning > Presentation Technology	"The correct answer reflects cognitive load theory's principle that students cannot effectively process written text while simultaneously listening to verbal instruction, as both compete for limited working memory resources. The second distractor confuses simultaneous presentation with effective learning; revealing bullet points progressively would be appropriate when using the animation feature to control information flow and reduce extraneous load. The third distractor misapplies dual coding theory, which actually supports using images with spoken words rather than combining text with images, making this approach appropriate when creating study materials for independent review rather than lecture slides. The fourth distractor conflates quantity with quality; while chunking is valuable for organizing information into meaningful units, overloading slides contradicts cognitive load principles, though comprehensive handouts would be appropriate as post-lecture reference materials."	"Foundations of Education, page 307"
Chapter 16	INST-3E-548	"An EMS program director is evaluating tools to centralize course materials, track student progress, manage assignments, facilitate discussions, and record grades across multiple courses. Which technology solution BEST meets these comprehensive course management needs?"	Single	"A Learning Management System (LMS) that provides integrated functionality for posting materials, assignments, quizzes, tracking, discussions, and grades with centralized cloud-based access"	A Massive Open Online Course (MOOC) platform that delivers standardized content to large enrollments with automated assessments and peer review functionality for scalability	A cloud computing file storage service that allows instructors to upload course materials and share folder access links with students for document retrieval	"An open source collaboration suite that combines separate tools for file sharing, discussion forums, and spreadsheet-based grade tracking through integrated authentication protocols"			A	1	Teaching Resources	Using Technology to Enhance Classroom Learning > Web-Enhanced Classroom > Learning Management System	"A Learning Management System is specifically designed as a comprehensive software application for all course-related activities, providing the integrated functionality described in the scenario including materials distribution, assignment management, assessment delivery, progress tracking, discussion facilitation, and grade recording—all through centralized cloud-based access. A MOOC platform would be appropriate when delivering standardized content to very large, often public enrollments rather than managing traditional cohort-based EMS courses with individualized tracking needs. Cloud file storage services address only the materials distribution component and lack the integrated assignment, assessment, discussion, and grading capabilities essential for comprehensive course management. Open source collaboration suites combining separate tools might provide similar functions but require significant technical configuration and lack the purpose-built educational workflows and quality assurance tracking that characterize dedicated LMS platforms. Email distribution can supplement course communication but becomes unmanageable for comprehensive course administration, lacks centralized organization, provides no systematic tracking or grading infrastructure, and creates version control and accessibility challenges that an LMS specifically addresses."	"Foundations of Education, page 314"
Chapter 16	INST-3E-558	What IS a disruptive technology in the context of classroom education?	Single	Disruptive technologies are those that significantly alter or disrupt current educational practices.	Disruptive technologies are always negative or harmful.	"Once a technology is labeled as disruptive, it cannot become mainstream."	Disruptive technologies are those that only offer slight improvements to existing methods.			A	1	Teaching Resources	Using Technology to Enhance Classroom Learning > Disruptive Technologies in the Classroom	"Disruptive technologies are those that significantly alter or disrupt current educational practices, offering new approaches that can transform learning environments. The idea that 'disruptive technologies are always negative or harmful' is a misconception, as they can lead to positive changes when implemented thoughtfully. The statement 'once a technology is labeled as disruptive, it cannot become mainstream' ignores that many disruptive technologies eventually become widely adopted. Lastly, 'disruptive technologies are those that only offer slight improvements' is inaccurate as they fundamentally change how education is delivered, rather than just enhancing existing methods."	"Foundations of Education, page 275"
Chapter 16	INST-3E-566	Which statement BEST DESCRIBES digital literacy?	Single	"Digital literacy involves the ability to find, evaluate, and communicate information using digital technologies."	Digital literacy is only about knowing how to use computers.	Digital literacy focuses on understanding programming languages.	Digital literacy means being able to use social media effectively.			A	2	Teaching Resources	Using Technology to Enhance Classroom Learning > Cloud Computing > Digital Literacy	"Digital literacy involves the ability to find, evaluate, and communicate information using digital technologies, encompassing a broad range of skills necessary for navigating today's digital landscape. 'Digital literacy is only about knowing how to use computers' is too narrow, as it includes evaluating and communicating information. 'Digital literacy focuses on understanding programming languages' is a specialized skill rather than a foundational literacy. 'Digital literacy means being able to use social media effectively' is a component but not representative of the entire concept."	"Foundations of Education, page 317"
Chapter 3	INST-3E-089	An EMS instructor is designing a cardiac arrest management unit and wants to optimize students' retention of critical information in long-term memory. Which instructional approach best supports this memory consolidation goal?	Single	"Incorporating spaced repetition through skills practice, case-based discussions, simulation scenarios, and individual assessments that reinforce core concepts through varied contexts and emotional engagement"	Delivering a comprehensive initial lecture with detailed visual aids and complete reference materials to ensure thorough coverage of all essential content in a single learning session	Structuring practice sessions primarily during morning hours when students demonstrate optimal cognitive performance and scheduling frequent brief review sessions to support neurological encoding	Limiting each instructional segment to three core concepts while maintaining consistent learning environments and providing memory retrieval cues such as mnemonics and visual anchors throughout the unit			A	3	Learning Styles	Brain-Based Learning > Communicating Neurons: Cascade of Interaction > Bandwidth Blues	"The correct answer reflects evidence-based principles for long-term memory consolidation: spaced repetition delivered through varied modalities (skills practice, discussion, simulation, assessment) combined with emotional engagement that enhances memory encoding. This approach leverages multiple pathways for information processing and pattern recognition. Option B incorrectly assumes single-exposure learning is sufficient for retention, though comprehensive initial presentations do establish foundational knowledge. Option C overemphasizes circadian rhythm optimization and scheduling frequency while neglecting the critical role of varied repetition and contextual application. Option D appropriately addresses working memory limitations and retrieval strategies, which support individual lesson effectiveness, but does not incorporate the spaced, varied repetition essential for long-term memory transfer."	"Foundations of Education, page 82"
Chapter 5	INST-3E-156	An EMS instructor wants to help students retain critical assessment findings from a complex patient scenario. Which statement BEST describes how memory stages support this instructional goal?	Single	"Information moves from sensory to working memory through attention, then transfers to long-term memory when students have emotional investment in the learning experience."	"Information enters working memory first where it is processed for relevance, then moves backward to sensory memory before final storage in long-term memory occurs."	"Information simultaneously enters all three memory stages at once, with the strongest sensory input determining which memory system will dominate the storage process."	"Information transfers automatically from working memory to long-term memory after sufficient repetition, regardless of the student's emotional connection to the material presented."			A	2	Learning Styles	The Neuroscience > Memory	"The correct answer accurately describes the sequential processing continuum where sensory input requires attention to enter working memory, and emotional investment facilitates transfer to long-term storage. The second distractor incorrectly reverses the memory flow; this reflects a misunderstanding that memory stages work backward rather than as a forward-moving process. The third distractor suggests simultaneous processing across all stages; while the brain does process multiple inputs concurrently, memory stages represent sequential processing steps rather than parallel systems competing for dominance. The fourth distractor assumes automatic transfer through repetition alone; while repetition helps, this ignores the critical role of emotional investment and meaningful connection in consolidating long-term memories, which is essential for instructors to understand when designing impactful learning experiences."	"Foundations of Education, page 123"
Chapter 5	INST-3E-158	An EMS instructor observes that several students consistently struggle with the step-by-step skills checklist for spinal immobilization but can explain the overall purpose and rationale clearly. What instructional approach would best support these students?	Single	"Provide the complete context and patient outcome goals first, then break down the sequential steps while connecting each back to the overall objective."	Focus instruction exclusively on right-brain learning activities that emphasize spatial reasoning and creative problem-solving rather than procedural steps.	Require these students to complete additional practice with the skills checklist until they can perform each step without understanding the broader context.	Identify these students as converger learners and restructure the lesson to emphasize practical application through hands-on trial-and-error experimentation.			A	3	Learning Styles	Learning Styles: Concepts and Controversies > Global Learners	"The correct approach recognizes these students as global learners who need the big picture before they can effectively process sequential details. By presenting the context and outcome goals first, the instructor provides the framework global learners need to organize and retain step-by-step information. The right-brain dominance approach is a distractor based on outdated hemisphere theories and doesn't address the actual need for connecting steps to context. Requiring repetitive practice without context would frustrate global learners who process information simultaneously rather than sequentially, though this approach might benefit analytic learners struggling with skill execution. The converger learning style focuses on practical application and deductive reasoning rather than the global-analytic dimension of information processing, though converger strategies would be appropriate for students who learn best through experimentation with concrete problems."	"Foundations of Education, page 127"
Chapter 5	INST-3E-188	An EMS instructor is planning a lesson and wants to incorporate Multiple Intelligences theory. Which approach would be MOST EFFECTIVE?	Single	"Design and implement a variety of learning activities that specifically cater to different types of intelligences, including visual, kinesthetic, and logical-mathematical approaches to content delivery."	Focus exclusively on traditional lecture-based content delivery as the primary instructional method to ensure consistent and thorough knowledge transfer to all students in the course.	Use standardized testing instruments and assessments as the primary and most important method of evaluating and measuring student understanding and knowledge retention throughout the educational program.	Emphasize rote memorization techniques and repetitive practice as the foundational instructional strategy to reinforce key concepts and ensure students can recall important information when needed.			A	5	Learning Styles		"Designing activities that cater to different intelligences, such as visual, kinesthetic, and logical, allows for a more inclusive learning environment that addresses diverse student needs. Focusing 'exclusively on lecture-based content' is not the most effective approach unless the goal is efficient content delivery, which may not engage all intelligences. Using 'standardized testing' is important for assessment but does not cater to the varied learning styles emphasized in Multiple Intelligences theory. Emphasizing 'rote memorization' suits tasks requiring retention but does not align with the theory's emphasis on diverse cognitive strengths."	
Chapter 9	INST-3E-291	What is the primary distinction between goals and objectives in instructional design?	Single	"Goals are broad statements of overall instructional intent, while objectives are detailed, measurable statements that support goal achievement."	"Goals are specific and measurable performance statements, while objectives represent the general direction and purpose of instruction."	Goals and objectives represent identical concepts that describe the terminal competencies students must demonstrate at course completion.	"Goals are enabling statements that support lesson content, while objectives are terminal statements that define the course outcome."			A	1	Goals and Objectives	Goals and Objectives > Goals and Objectives	"Goals are broad, uppermost-level statements that define overall instructional intent, while objectives are subordinate, detailed, and measurable statements that lead to goal achievement. A course typically has few goals but many objectives. The second option reverses the proper relationship, though this terminology might apply when discussing program-level versus course-level planning in different contexts. The third option reflects a common misconception that the terms are interchangeable, which might occur in casual conversation but is incorrect in formal instructional design. The fourth option confuses goals with enabling objectives and objectives with terminal objectives, terminology that would be appropriate when distinguishing between lesson-level and course-level objectives within a curriculum hierarchy."	"Foundations of Education, page 156"
Chapter 13	INST-3E-443	An EMS instructor is preparing a handout to help students organize their independent study of respiratory emergencies. The handout recommends dividing the chapter into learning segments. Which statement BEST DESCRIBES the principle of chunking information for effective student learning?	Single	Students should organize content into meaningful units containing no more than seven related concepts to prevent cognitive overload and enhance retention.	Students should divide their total study time into seven separate sessions to ensure adequate repetition and spacing of practice throughout the week.	Students should read seven pages at a time before taking breaks to maintain continuity while preventing fatigue during extended study sessions.	Students should identify seven individual facts from each section and memorize them sequentially before progressing to additional chapter content.			A	2	Teaching Resources	Tools for Individual Learning > Techniques for Students to Make the Most of Learning	"Chunking information involves organizing content into meaningful units of no more than seven key concepts, which respects working memory limitations and prevents cognitive overload while maintaining conceptual relationships. Dividing study time into multiple sessions reflects spaced practice principles, which complement chunking but address scheduling rather than information organization. Reading specific page quantities focuses on arbitrary divisions based on format rather than the cognitive structure of concepts and their relationships. Memorizing individual facts sequentially misinterprets chunking as a quantity limit on isolated details rather than organizing related ideas into cohesive, memorable units."	"Foundations of Education, page 242"
Chapter 18	INST-3E-601	"An instructor notices that over several months, simulation faculty have begun using cardiac monitors with non-functioning 12-lead capabilities, telling students 'just pretend it works' during scenarios. What should the instructor recognize about this situation?"	Single	This represents normalization of deviance where repeated acceptance of substandard practice has become the organizational norm and risks transferring to clinical performance.	This represents an acceptable fidelity compromise because students understand simulation limitations and can compartmentalize equipment constraints from real-world expectations.	This represents temporary equipment failure that requires documentation and repair scheduling but does not affect student learning outcomes during the interim period.	This represents appropriate resource management because high-fidelity equipment is expensive and students can develop clinical reasoning skills without fully functional monitoring equipment.			A	3	Teaching Psychomotor Skills	Tools for Simulation > Equipment > Equipment Testing		
Chapter 26	INST-3E-872	Which statement BEST DESCRIBES the accreditation process?	Single	"The accreditation process involves conducting a comprehensive self-study report, hosting site visits by evaluators, and undergoing periodic reviews to ensure ongoing compliance with established standards."	Accreditation is considered a one-time process that occurs at initial approval and does not require any subsequent periodic review or re-evaluation of compliance with standards.	The certification process primarily involves candidates completing licensing examinations and obtaining professional credentialing rather than institutional evaluation or compliance with educational standards.	Site visits by external evaluators are considered optional components and are not mandatory requirements as part of the accreditation process for educational institutions.			A	2	Administrative Issues	Fundamentals of Accreditation and Program Evaluation > The Accreditation Process	"The accreditation process involves a self-study report, site visits, and periodic reviews to ensure compliance with established standards, which provides a comprehensive approach to maintaining educational quality. Accreditation is a one-time process... is not the most effective approach UNLESS the standards themselves do not require ongoing compliance, which is not the case here. Certification process primarily involves licensing exams and credentialing, which is valuable for individual qualification but does not address institutional accreditation. Site visits are optional... could be effective when the accrediting body does not mandate them, however, this scenario requires mandatory site visits for a thorough evaluation."	"Foundations of Education, page 502"
